SKU,Composition
22W10001999S,100% COTTON
22W10001999M,100% COTTON
22W10001999L,100% COTTON
22W1000210024,100% POLYESTER
22W1000210025,100% POLYESTER
22W1000210026,100% POLYESTER
22W1000210027,100% POLYESTER
22W1000210028,100% POLYESTER
22W1000210029,100% POLYESTER
22W1000210030,100% POLYESTER
22W10003999XXS,50% COTTON 50% SILK
22W10003999XS,50% COTTON 50% SILK
22W10003999S,50% COTTON 50% SILK
22W10003999M,50% COTTON 50% SILK
22W10003999L,50% COTTON 50% SILK
22W10003999XXL,50% COTTON 50% SILK
22W1000299924,100% POLYESTER
22W1000299925,100% POLYESTER
22W1000299926,100% POLYESTER
22W1000299927,100% POLYESTER
22W1000299928,100% POLYESTER
22W1000299929,100% POLYESTER
22W1000299930,100% POLYESTER
22W10003150XXS,50% COTTON 50% SILK
22W10003150XS,50% COTTON 50% SILK
22W10003150S,50% COTTON 50% SILK
22W10003150M,50% COTTON 50% SILK
22W10003150L,50% COTTON 50% SILK
22W10003150XXL,50% COTTON 50% SILK
